{
  "$schema": "https://json.schemastore.org/mcp.json",
  "name": "schematica",
  "version": "1.0.0",
  "description": "Globomantics Robotics MCP Server - Schematic lookup service for robotic components",
  "server_url": "http://localhost:3000/api/mcp",
  "auth": {
    "type": "bearer",
    "token": "{{MCP_API_KEY}}"
  },
  "tools": [
    {
      "name": "fetchSchematic",
      "description": "Fetch schematic information for a Globomantics robot component. Accepts natural language queries like 'show me the cooling manifold schematic for XR-18' or explicit model/component parameters.",
      "parameters": {
        "type": "object",
        "properties": {
          "query": {
            "type": "string",
            "description": "Natural language query describing the schematic you need (e.g., 'cooling manifold for XR-18')"
          },
          "model": {
            "type": "string",
            "description": "Optional: Explicit model number (e.g., 'XR-18', 'MK-9')"
          },
          "component": {
            "type": "string",
            "description": "Optional: Explicit component name (e.g., 'cooling manifold', 'servo assembly')"
          }
        },
        "required": ["query"]
      },
      "examples": [
        {
          "query": "show me the cooling manifold schematic for XR-18"
        },
        {
          "query": "I need the servo assembly docs",
          "model": "MK-9"
        },
        {
          "query": "LIDAR sensor documentation for the GR series"
        }
      ]
    },
    {
      "name": "listSchematics",
      "description": "List available schematics in the Globomantics database. Can filter by category, model, or status.",
      "parameters": {
        "type": "object",
        "properties": {
          "category": {
            "type": "string",
            "description": "Filter by category",
            "enum": ["thermal", "motion", "sensors", "power", "control", "structural", "manipulation"]
          },
          "model": {
            "type": "string",
            "description": "Filter by model prefix or number (e.g., 'XR', 'XR-18')"
          },
          "status": {
            "type": "string",
            "description": "Filter by status",
            "enum": ["active", "deprecated", "draft"]
          },
          "limit": {
            "type": "number",
            "description": "Maximum number of results to return (default: 50, max: 100)"
          }
        }
      },
      "examples": [
        {},
        {
          "category": "thermal"
        },
        {
          "model": "XR",
          "status": "active",
          "limit": 20
        }
      ]
    }
  ],
  "categories": [
    "thermal",
    "motion",
    "sensors",
    "power",
    "control",
    "structural",
    "manipulation"
  ],
  "supported_models": [
    "XR", "MK", "GR", "RM", "AX", "TX", "VX", "ZR", "HX", "DR", "SR", "CX", "NX", "PX", "QR"
  ]
}
